{"cameraMode":{"drawMode":0,"name":"Shaded","section":"Shading Mode"},"sceneLighting":true,"audioPlay":false,"sceneViewState":{"m_AlwaysRefresh":false,"showFog":true,"showSkybox":true,"showFlares":true,"showImageEffects":true,"showParticleSystems":true,"showVisualEffectGraphs":true,"m_FxEnabled":true},"in2DMode":false,"pivot":{"x":-0.49363410472869875,"y":0.06855732202529907,"z":1.0065090656280518},"rotation":{"x":-0.08294489234685898,"y":0.4536687433719635,"z":-0.04244694858789444,"w":-0.8862990736961365},"size":0.8708683848381043,"orthographic":true}