{"cameraMode":{"drawMode":0,"name":"Shaded","section":"Shading Mode"},"sceneLighting":false,"audioPlay":false,"sceneViewState":{"m_AlwaysRefresh":false,"showFog":true,"showSkybox":false,"showFlares":true,"showImageEffects":true,"showParticleSystems":true,"showVisualEffectGraphs":true,"m_FxEnabled":true},"in2DMode":false,"pivot":{"x":-2.9802322387695315e-8,"y":0.16004475951194764,"z":-0.01369553804397583},"rotation":{"x":-0.08294489234685898,"y":0.4536687433719635,"z":-0.04244694858789444,"w":-0.8862990736961365},"size":0.7009363174438477,"orthographic":true}